Uni_Names,Private,Apps,Accept,Enroll,Top10perc,Top25perc,Outstate,Books,Personal,PhD,Terminal,Expend,Departments
Abilene Christian University,Yes,1660,1232,721,23,52,7440,450,2200,70,78,7041,CS
Adelphi University,Yes,2186,1924,512,16,29,12280,750,1500,29,30,10527,IT
Adrian College,Yes,1428,1097,336,22,50,11250,400,1165,53,66,8735,Marketing
Agnes Scott College,Yes,417,349,137,60,89,12960,450,875,92,97,19016,Business
Alaska Pacific University,Yes,193,146,55,16,44,7560,800,1500,76,72,10922,CS
Albertson College,Yes,587,479,158,38,62,13500,500,675,67,73,9727,IT
Albertus Magnus College,Yes,353,340,103,17,45,13290,500,1500,90,93,8861,Marketing
Albion College,Yes,1899,1720,489,37,68,13868,450,850,89,100,11487,Business
Albright College,Yes,1038,839,227,30,63,15595,300,500,79,84,11644,CS
Alderson-Broaddus College,Yes,582,498,172,21,44,10468,660,1800,40,41,8991,IT
Alfred University,Yes,1732,1425,472,37,75,16548,500,600,82,88,10932,Marketing
Allegheny College,Yes,2652,1900,484,44,77,17080,400,600,73,91,11711,Business
Allentown Coll. of St. Francis de Sales,Yes,1179,780,290,38,64,9690,600,1000,60,84,7940,CS
Alma College,Yes,1267,1080,385,44,73,12572,400,400,79,87,9305,IT
Alverno College,Yes,494,313,157,23,46,8352,650,2449,36,69,8127,Marketing
American International College,Yes,1420,1093,220,9,22,8700,450,1400,78,84,7355,Business
Amherst College,Yes,4302,992,418,83,96,19760,660,1598,93,98,21424,CS
Anderson University,Yes,1216,908,423,19,40,10100,550,1100,48,61,7994,IT
Andrews University,Yes,1130,704,322,14,23,9996,900,1320,62,66,10908,Marketing
Angelo State University,No,3540,2001,1016,24,54,5130,500,2000,60,62,4010,Business
Antioch University,Yes,713,661,252,25,44,15476,400,1100,69,82,42926,CS
Appalachian State University,No,7313,4664,1910,20,63,6806,96,2000,83,96,5854,IT
Aquinas College,Yes,619,516,219,20,51,11208,350,1615,55,65,6584,Marketing
Arizona State University Main campus,No,12809,10308,3761,24,49,7434,700,2100,88,93,4602,Business
Arkansas College (Lyon College),Yes,708,334,166,46,74,8644,500,800,79,88,14579,CS
Arkansas Tech University,No,1734,1729,951,12,52,3460,450,1000,57,60,4739,IT
Assumption College,Yes,2135,1700,491,23,59,12000,500,500,93,93,7100,Marketing
Auburn University-Main Campus,No,7548,6791,3070,25,57,6300,600,1908,85,91,6642,Business
Augsburg College,Yes,662,513,257,12,30,11902,540,950,65,65,7836,CS
Augustana College IL,Yes,1879,1658,497,36,69,13353,540,821,78,83,9220,IT
Augustana College,Yes,761,725,306,21,58,10990,600,1021,66,70,6871,Marketing
Austin College,Yes,948,798,295,42,74,11280,400,1150,81,95,11361,Business
Averett College,Yes,627,556,172,16,40,9925,750,1350,59,67,6523,CS
Baker University,Yes,602,483,206,21,47,8620,400,2250,58,68,6136,IT
Baldwin-Wallace College,Yes,1690,1366,662,30,61,10995,1000,1000,68,74,8086,Marketing
Barat College,Yes,261,192,111,15,36,9690,500,500,57,77,9337,Business
Bard College,Yes,1910,838,285,50,85,19264,750,750,98,98,13894,CS
Barnard College,Yes,2496,1402,531,53,95,17926,600,850,83,93,12580,IT
Barry University,Yes,990,784,279,18,45,11290,600,1800,76,78,9084,Marketing
Baylor University,Yes,6075,5349,2367,34,66,6450,600,1346,71,76,7503,Business
Beaver College,Yes,1163,850,348,23,56,12850,400,800,78,89,8954,CS
Bellarmine College,Yes,807,707,308,39,63,8840,750,1290,74,82,6668,IT
Belmont Abbey College,Yes,632,494,129,17,36,9000,300,2480,78,85,7550,Marketing
Belmont University,Yes,1220,974,481,28,67,7800,650,900,61,61,7614,Business
Beloit College,Yes,1320,923,284,26,54,16304,355,715,87,95,12957,CS
Bemidji State University,No,1208,877,546,12,36,4425,660,1800,57,62,3752,IT
Benedictine College,Yes,632,620,222,14,24,9550,350,250,64,84,5922,Marketing
Bennington College,Yes,519,327,114,25,53,21700,600,500,35,59,16364,Business
Bentley College,Yes,3466,2330,640,20,60,13800,630,850,87,87,10941,CS
Berry College,Yes,1858,1221,480,37,68,8050,350,2375,80,80,10511,IT
Bethany College,Yes,878,816,200,16,41,8740,550,1700,62,68,7718,Marketing
Bethel College KS,Yes,202,184,122,19,42,8540,500,1400,61,80,8324,Business
Bethel College,Yes,502,384,104,11,28,6200,600,800,63,63,7623,CS
Bethune Cookman College,Yes,1646,1150,542,12,30,5188,650,2500,48,48,6817,IT
Birmingham-Southern College,Yes,805,588,287,67,88,11660,400,900,74,79,8649,Marketing
Blackburn College,Yes,500,336,156,25,55,6500,500,1000,76,76,8377,Business
Bloomsburg Univ. of Pennsylvania,No,6773,3028,1025,15,55,7844,500,1680,66,68,7041,CS
Bluefield College,Yes,377,358,181,15,30,7150,450,1500,61,67,6259,IT
Bluffton College,Yes,692,514,209,20,50,9900,400,900,76,71,9073,Marketing
Boston University,Yes,20192,13007,3810,45,80,18420,475,1025,80,81,16836,Business
Bowdoin College,Yes,3356,1019,418,76,100,19030,1495,875,93,96,20447,CS
Bowling Green State University,No,9251,7333,3076,14,45,7452,600,1700,81,89,6918,IT
Bradford College,Yes,443,330,151,5,36,14080,500,900,57,80,15387,Marketing
Bradley University,Yes,3767,3414,1061,30,58,10870,2000,1522,75,81,7671,Business
Brandeis University,Yes,4186,2743,740,48,77,19380,410,1000,90,97,17150,CS
Brenau University,Yes,367,274,158,12,41,9592,500,700,71,80,5935,IT
Brewton-Parker College,Yes,1436,1228,1202,10,26,4371,500,2000,62,62,4900,Marketing
Briar Cliff College,Yes,392,351,155,16,44,10260,600,1500,39,66,8355,Business
Bridgewater College,Yes,838,673,292,22,53,10265,560,875,68,73,8655,CS
Brigham Young University at Provo,Yes,7365,5402,4615,48,82,2340,860,1220,76,76,7916,IT
Brown University,Yes,12586,3239,1462,87,95,19528,720,1100,99,100,20440,Marketing
Bryn Mawr College,Yes,1465,810,313,71,95,18165,500,1200,100,100,17449,Business
Bucknell University,Yes,6548,3813,862,49,85,18550,800,1200,95,97,13675,CS
Buena Vista College,Yes,860,688,285,32,70,13306,450,950,62,69,6333,IT
Butler University,Yes,2362,2037,700,40,68,13130,500,1600,77,81,9511,Marketing
Cabrini College,Yes,599,494,224,8,28,10518,300,300,59,76,7117,Business
Caldwell College,Yes,1011,604,213,17,42,8900,425,1000,87,96,7922,CS
California Lutheran University,Yes,563,247,247,23,52,12950,612,576,72,74,8985,IT
California Polytechnic-San Luis,No,7811,3817,1650,47,73,7380,612,2091,72,81,8453,Marketing
California State University at Fresno,No,4540,3294,1483,5,60,7706,600,1926,90,90,7268,Business
Calvin College,Yes,1784,1512,913,29,56,10230,400,1210,75,81,7786,CS
Campbell University,Yes,2087,1339,657,20,54,7550,600,500,77,77,3739,IT
Campbellsville College,Yes,848,587,298,25,55,6060,600,1300,62,66,5391,Marketing
Canisius College,Yes,2853,2193,753,16,34,10750,400,1130,90,92,7972,Business
Capital University,Yes,1747,1382,449,34,66,13050,500,800,64,69,9557,CS
Capitol College,Yes,100,90,35,10,52,8400,300,2134,10,50,7976,IT
Carleton College,Yes,2694,1579,489,75,93,19292,550,550,81,93,17960,Marketing
Carnegie Mellon University,Yes,8728,5201,1191,60,89,17900,450,1250,86,93,24386,Business
Carroll College,Yes,1160,991,352,19,55,12200,480,930,74,81,7666,CS
Carson-Newman College,Yes,1096,951,464,27,62,8150,400,500,61,62,6716,IT
Carthage College,Yes,1616,1427,434,20,43,13125,500,1300,74,89,7364,Marketing
Case Western Reserve University,Yes,3877,3156,713,71,93,15700,525,1460,95,95,19733,Business
Castleton State College,No,1257,940,363,9,22,7656,400,700,89,91,6318,CS
Catawba College,Yes,1083,880,291,13,34,9270,600,1860,75,82,8425,IT
Catholic University of America,Yes,1754,1465,505,24,49,13712,526,1100,90,96,12751,Marketing
Cazenovia College,Yes,3847,3433,527,9,35,9384,600,500,22,47,7697,Business
Cedar Crest College,Yes,776,607,198,25,58,14340,500,1000,58,83,10961,CS
Cedarville College,Yes,1307,1090,616,25,55,7344,570,1000,50,52,6897,IT
Centenary College,Yes,369,312,90,12,46,11400,500,760,41,85,9583,Marketing
Centenary College of Louisiana,Yes,495,434,210,35,55,8950,600,1900,86,92,9685,Business
Center for Creative Studies,Yes,601,396,203,1,20,11230,2340,620,8,58,13025,CS
Central College,Yes,1283,1113,401,31,65,10938,650,600,76,90,8444,IT
Central Connecticut State University,No,4158,2532,902,6,24,5962,500,985,69,73,4900,Marketing
Central Missouri State University,No,4681,4101,1436,10,35,4620,300,2250,69,80,5501,Business
Central Washington University,No,2785,2011,1007,8,65,7242,654,1416,67,89,6413,CS
Central Wesleyan College,Yes,174,146,88,8,29,8300,600,600,62,62,3365,IT
Centre College,Yes,1013,888,288,55,82,11850,600,900,95,99,13118,Marketing
Chapman University,Yes,959,771,351,23,48,16624,600,1100,72,80,12692,Business
Chatham College,Yes,212,197,91,28,56,13500,400,850,95,98,16095,CS
Chestnut Hill College,Yes,342,254,126,25,64,10335,700,850,71,71,7729,IT
Christendom College,Yes,81,72,51,33,71,8730,400,800,92,92,10922,Marketing
Christian Brothers University,Yes,880,520,224,16,42,9300,600,900,81,81,8129,Business
Christopher Newport University,No,883,766,428,3,37,7860,525,1889,80,82,4639,CS
Claflin College,Yes,1196,697,499,21,47,4412,500,1000,69,69,7083,IT
Claremont McKenna College,Yes,1860,767,227,71,93,17000,500,850,99,99,18443,Marketing
Clark University,Yes,2887,2059,457,30,61,17500,500,950,94,95,11951,Business
Clarke College,Yes,460,340,167,14,45,10740,350,900,67,71,7963,CS
Clarkson University,Yes,2174,1953,557,35,68,15960,700,1300,95,95,11659,IT
Clemson University,No,8065,5257,2301,37,65,8116,800,1618,82,88,7597,Marketing
Clinch Valley Coll. of  the Univ. of Virginia,No,689,561,250,15,30,7168,600,1900,67,67,4417,Business
Coe College,Yes,1006,742,275,29,60,13925,500,2200,73,86,10141,CS
Coker College,Yes,604,452,295,15,47,9888,400,1000,64,77,8741,IT
Colby College,Yes,2848,1319,456,58,84,18930,500,1000,83,94,15954,Marketing
Colgate University,Yes,4856,2492,727,46,75,19510,500,750,95,98,15494,Business
College Misericordia,Yes,1432,888,317,29,58,10860,550,900,56,62,8604,CS
College of Charleston,No,4772,3140,1265,22,55,6120,666,2316,73,78,4776,IT
College of Mount St. Joseph,Yes,798,620,238,14,41,9800,400,1150,46,46,6889,Marketing
College of Mount St. Vincent,Yes,946,648,177,23,46,11790,500,1000,75,77,10015,Business
College of Notre Dame,Yes,344,264,97,11,42,12600,630,2250,77,80,9773,CS
College of Notre Dame of Maryland,Yes,457,356,177,35,61,11180,600,700,64,64,7477,IT
College of Saint Benedict,Yes,938,864,511,29,62,12247,500,600,70,88,8847,Marketing
College of Saint Catherine,Yes,511,411,186,23,51,12224,450,1000,63,87,7315,Business
College of Saint Elizabeth,Yes,444,359,122,34,53,10900,380,1000,68,70,9447,CS
College of Saint Rose,Yes,983,664,249,23,57,9990,800,1500,66,71,6084,IT
College of Santa Fe,Yes,546,447,189,16,42,11138,600,1200,40,74,8820,Marketing
College of St. Joseph,Yes,141,118,55,12,21,8300,450,1300,53,53,6936,Business
College of St. Scholastica,Yes,672,596,278,29,60,11844,450,1146,54,76,8996,CS
College of the Holy Cross,Yes,2994,1691,659,70,95,18000,400,900,92,96,12138,IT
College of William and Mary,No,7117,3106,1217,68,88,11720,600,800,89,92,9534,Marketing
College of Wooster,Yes,2100,1883,553,29,65,16240,500,500,84,96,14140,Business
Colorado College,Yes,3207,1577,490,56,87,17142,450,1200,85,97,14664,CS
Colorado State University,No,9478,6312,2194,29,65,8412,470,1800,87,89,7850,IT
Columbia College MO,Yes,314,158,132,10,28,8294,400,900,87,87,5015,Marketing
Columbia College,Yes,737,614,242,21,67,10425,500,1500,61,77,8693,Business
Columbia University,Yes,6756,1930,871,78,96,18624,550,300,97,98,30639,CS
Concordia College at St. Paul,Yes,281,266,139,13,29,10500,450,950,69,75,6955,IT
Concordia Lutheran College,Yes,232,216,106,16,34,6900,450,1825,67,76,6875,Marketing
Concordia University CA,Yes,688,497,144,30,75,10800,570,1515,55,60,8415,Business
Concordia University,Yes,528,403,186,22,56,9216,400,1000,56,64,7309,CS
Connecticut College,Yes,3035,1546,438,42,93,18740,600,500,86,95,14773,IT
Converse College,Yes,440,407,149,35,70,12050,500,900,63,76,10965,Marketing
Cornell College,Yes,1538,1329,383,33,68,15248,550,800,71,76,10340,Business
Creighton University,Yes,2967,2836,876,30,60,10628,650,2055,85,90,22906,CS
Culver-Stockton College,Yes,1576,1110,274,24,55,8000,400,500,51,52,5807,IT
Cumberland College,Yes,995,789,398,26,47,6230,400,600,42,44,8189,Marketing
D'Youville College,Yes,866,619,157,18,47,8920,680,1320,68,68,6898,Business
Dana College,Yes,504,482,185,10,36,9130,450,1450,46,51,8686,CS
Daniel Webster College,Yes,585,508,153,12,30,12292,500,500,61,61,8643,IT
Dartmouth College,Yes,8587,2273,1087,87,99,19545,550,1100,95,99,29619,Marketing
Davidson College,Yes,2373,956,452,77,96,17295,600,1011,95,97,17581,Business
Defiance College,Yes,571,461,174,10,26,10850,400,1159,58,60,7505,CS
Delta State University,No,967,945,459,15,48,4528,500,1200,49,63,5113,IT
Denison University,Yes,2762,2279,533,32,60,16900,500,600,88,97,12423,Marketing
DePauw University,Yes,1994,1656,495,50,80,14300,550,950,78,94,11525,Business
Dickinson College,Yes,3014,2539,487,31,68,18700,595,1250,87,94,13861,CS
Dickinson State University,No,434,412,319,10,30,4486,600,2000,50,64,4525,IT
Dillard University,Yes,1998,1376,651,41,88,6700,500,2307,52,52,7566,Marketing
Doane College,Yes,793,709,244,20,47,9570,400,1000,67,72,6852,Business
Dominican College of Blauvelt,Yes,360,329,108,4,19,8310,600,1800,43,43,5480,CS
Dordt College,Yes,604,562,328,25,50,9800,450,2800,61,60,7325,IT
Dowling College,Yes,1011,829,410,9,33,9000,450,1413,77,78,11178,Marketing
Drake University,Yes,2799,2573,839,34,65,13420,560,1675,88,93,9473,Business
Drew University,Yes,2153,1580,321,56,84,18432,520,660,93,97,14907,CS
Drury College,Yes,700,650,314,33,66,8730,500,750,82,92,9303,IT
Duke University,Yes,13789,3893,1583,90,98,18590,625,1162,95,96,27206,Marketing
Earlham College,Yes,1358,1006,274,35,63,15036,600,600,90,94,14634,Business
East Carolina University,No,9274,6362,2435,14,44,7248,500,1700,74,78,9002,CS
East Tennessee State University,No,3330,2730,1303,15,36,5800,600,2200,73,75,9825,IT
East Texas Baptist University,Yes,379,341,265,10,36,4950,530,1500,62,62,5619,Marketing
Eastern College,Yes,458,369,165,16,42,11190,450,1230,60,60,8135,Business
Eastern Connecticut State University,No,2172,1493,564,14,50,5962,650,500,71,76,5719,CS
Eastern Illinois University,No,5597,4253,1565,12,38,5710,120,1730,62,71,5682,IT
Eastern Mennonite College,Yes,486,440,227,19,48,9650,600,1300,46,65,10188,Marketing
Eastern Nazarene College,Yes,516,409,200,17,40,8770,450,700,58,58,6430,Business
Eckerd College,Yes,1422,1109,366,33,65,15360,600,1000,82,89,15003,CS
Elizabethtown College,Yes,2417,1843,426,36,70,14190,500,750,65,68,9815,IT
Elmira College,Yes,1457,1045,345,27,50,14990,450,550,77,98,7502,Marketing
Elms College,Yes,245,208,125,23,46,11800,450,1700,71,71,8952,Business
Elon College,Yes,3624,2786,858,11,39,9100,490,1777,70,74,6329,CS
Embry Riddle Aeronautical University,Yes,3151,2584,958,14,40,7800,570,3020,37,43,12878,IT
Emory & Henry College,Yes,765,646,226,30,60,8578,700,1600,79,88,8061,Marketing
Emory University,Yes,8506,4168,1236,76,97,17600,600,870,97,98,28457,Business
Emporia State University,No,1256,1256,853,43,79,5401,450,1888,72,75,5527,CS
Erskine College,Yes,659,557,167,47,74,10485,475,1246,76,80,7527,IT
Eureka College,Yes,560,454,113,36,56,10955,330,670,62,87,9552,Marketing
Evergreen State College,No,1801,1101,438,14,50,6297,600,1323,75,78,8355,Business
Fairfield University,Yes,4784,3346,781,30,66,15000,700,1100,86,90,11220,CS
Fayetteville State University,No,1455,1064,452,1,16,6806,350,766,75,75,6972,IT
Ferrum College,Yes,1339,1107,336,12,36,9400,500,1600,53,58,7967,Marketing
Flagler College,Yes,1415,714,338,18,52,5120,500,2140,52,60,3930,Business
Florida Institute of Technology,Yes,1947,1580,523,39,74,13900,750,1500,90,90,8923,CS
Florida International University,No,3306,2079,1071,42,89,6597,800,3028,81,96,6722,IT
Florida Southern College,Yes,1381,1040,374,20,44,8025,400,650,65,74,6339,Marketing
Florida State University,No,11651,8683,3023,50,90,6680,600,1020,80,89,7250,Business
Fontbonne College,Yes,291,245,126,16,49,8390,350,1500,45,55,4607,CS
Fordham University,Yes,4200,2874,942,30,55,14235,600,1735,86,97,10864,IT
Fort Lewis College,No,3440,2823,1123,16,35,6198,500,2500,89,97,4362,Marketing
Francis Marion University,No,1801,1655,819,13,38,5840,400,2430,76,76,5039,Business
Franciscan University of Steubenville,Yes,553,452,228,22,49,9650,600,1000,57,69,6336,CS
Franklin College,Yes,804,632,281,29,72,10390,525,1345,54,78,11751,IT
Franklin Pierce College,Yes,5187,4471,446,3,14,13320,500,800,50,56,6418,Marketing
Freed-Hardeman University,Yes,895,548,314,20,54,5500,600,1600,68,76,6078,Business
Fresno Pacific College,Yes,346,274,146,51,87,9900,630,1818,59,59,8095,CS
Furman University,Yes,2161,1951,685,56,82,13440,600,1250,92,95,12940,IT
Gannon University,Yes,2464,1908,678,24,57,10970,500,1380,47,51,7711,Marketing
Gardner Webb University,Yes,1110,930,332,18,36,8180,500,500,65,58,5664,Business
Geneva College,Yes,668,534,237,19,39,9476,500,1100,67,67,6786,CS
George Fox College,Yes,809,726,294,27,52,12500,400,1050,53,53,7136,IT
George Mason University,No,5653,4326,1727,17,29,10800,580,1050,93,96,6751,Marketing
George Washington University,Yes,7875,5062,1492,38,71,17450,700,950,92,93,14745,Business
Georgetown College,Yes,727,693,286,30,55,8100,550,550,73,76,7508,CS
Georgetown University,Yes,11115,2881,1390,71,93,18300,670,1700,91,92,19635,IT
Georgia Institute of Technology,No,7837,4527,2276,89,99,6489,795,1164,92,92,11271,Marketing
Georgia State University,No,3793,2341,1238,9,24,6744,720,3450,87,89,7762,Business
Georgian Court College,Yes,348,281,127,12,52,9150,500,800,56,59,7348,CS
Gettysburg College,Yes,3596,2466,575,42,78,19964,500,500,94,95,14720,IT
Goldey Beacom College,Yes,633,468,284,10,27,6120,531,1830,25,25,6081,Marketing
Gonzaga University,Yes,1886,1524,526,31,67,13000,600,2400,78,90,9553,Business
Gordon College,Yes,674,565,282,25,54,12200,400,1200,73,82,9226,CS
Goshen College,Yes,440,396,221,26,51,9420,600,1230,51,56,10270,IT
Goucher College,Yes,1151,813,248,40,64,15588,500,1200,78,90,16623,Marketing
Grace College and Seminary,Yes,548,428,167,18,46,8958,300,1000,53,59,9798,Business
Graceland College,Yes,555,414,242,14,41,9100,550,880,51,61,5609,CS
Grand Valley State University,No,5165,3887,1561,20,60,6108,500,1000,64,66,5063,IT
Green Mountain College,Yes,780,628,198,7,20,11750,400,850,77,83,6475,Marketing
Greensboro College,Yes,608,494,176,10,31,8330,550,1300,64,80,7949,Business
Greenville College,Yes,510,387,194,20,46,10310,400,800,57,61,8222,CS
Grinnell College,Yes,2039,1389,432,56,91,15688,400,400,88,92,18979,IT
Grove City College,Yes,2491,1110,573,57,88,5224,525,350,65,65,4957,Marketing
Guilford College,Yes,1202,1054,326,18,44,13404,450,1050,78,86,9114,Business
Gustavus Adolphus College,Yes,1709,1385,634,36,72,14125,400,700,79,89,9907,CS
Gwynedd Mercy College,Yes,380,237,104,30,56,11000,500,500,36,41,7483,IT
Hamilton College,Yes,3140,1783,454,40,82,19700,300,800,91,96,17761,Marketing
Hamline University,Yes,1006,825,328,34,73,13252,450,550,89,93,10296,Business
Hampden - Sydney College,Yes,817,644,307,20,40,13218,660,600,95,97,12263,CS
Hampton University,Yes,7178,3755,1433,25,63,7161,600,2000,60,64,6791,IT
Hanover College,Yes,1006,837,317,33,65,8200,500,1200,84,84,9248,Marketing
Hardin-Simmons University,Yes,467,424,350,16,40,6300,700,2140,75,79,7054,Business
Harding University,Yes,1721,1068,806,35,75,5504,700,910,71,77,6466,CS
Hartwick College,Yes,2083,1725,430,22,49,17480,500,700,75,87,11625,IT
Harvard University,Yes,13865,2165,1606,90,100,18485,500,1920,97,97,37219,Marketing
Harvey Mudd College,Yes,1377,572,178,95,100,17230,700,900,100,100,21569,Business
Hastings College,Yes,817,708,262,22,52,9376,500,1902,57,63,7335,CS
Hendrix College,Yes,823,721,274,52,87,8800,500,1200,82,99,8588,IT
Hillsdale College,Yes,920,745,347,35,66,11090,400,750,80,80,12639,Marketing
Hiram College,Yes,922,729,244,37,66,14067,400,1000,75,95,12165,Business
Hobart and William Smith Colleges,Yes,2688,2081,500,25,53,19029,600,600,99,99,13040,CS
Hofstra University,Yes,7428,5860,1349,25,63,11600,1000,1000,81,90,10093,IT
Hollins College,Yes,602,498,215,26,58,13470,500,850,78,91,13957,Marketing
Hood College,Yes,699,565,176,36,64,13960,450,690,82,88,12434,Business
Hope College,Yes,1712,1483,624,37,69,12275,465,1100,72,81,9284,CS
Houghton College,Yes,949,786,302,30,70,9990,500,1500,85,90,8187,IT
Huntingdon College,Yes,608,520,127,26,47,8080,500,1100,63,72,7703,Marketing
Huntington College,Yes,450,430,125,20,46,9950,300,1300,76,76,9466,Business
Huron University,Yes,600,197,124,3,9,7260,600,1840,31,35,9249,CS
Husson College,Yes,723,652,361,10,30,7800,350,1500,36,44,4923,IT
Illinois Benedictine College,Yes,607,558,269,22,47,10500,650,1500,81,91,8324,Marketing
Illinois College,Yes,894,787,262,28,63,8050,600,1000,75,75,7348,Business
Illinois Institute of Technology,Yes,1756,1360,478,42,77,14550,500,700,80,88,12851,CS
Illinois State University,No,8681,6695,2408,10,35,7799,537,2605,77,84,5569,IT
Illinois Wesleyan University,Yes,3050,1342,471,55,86,14360,400,650,77,92,9605,Marketing
Immaculata College,Yes,268,253,103,16,44,10000,500,1000,56,64,7305,Business
Incarnate Word College,Yes,1163,927,386,16,49,8840,750,2775,67,69,6095,CS
Indiana State University,No,5659,4761,3147,10,31,6892,600,2500,72,76,6996,IT
Indiana University at Bloomington,No,16587,13243,5873,25,72,9766,600,2000,77,88,8686,Marketing
Indiana Wesleyan University,Yes,735,423,366,20,48,9210,700,1000,49,51,6562,Business
Iona College,Yes,4892,3530,913,13,33,10690,570,1150,66,83,8107,CS
Iowa State University,No,8427,7424,3441,26,59,7550,640,2055,81,88,8420,IT
Ithaca College,Yes,7259,5526,1368,23,52,14424,634,1000,58,79,9812,Marketing
James Madison University,No,11223,5285,2082,32,72,7994,500,732,77,81,5212,Business
Jamestown College,Yes,472,410,262,14,41,7620,400,400,51,53,3186,CS
Jersey City State College,No,2957,1423,691,10,30,3946,400,1500,63,67,8367,IT
John Brown University,Yes,605,405,284,24,53,6398,400,1350,68,68,8118,Marketing
John Carroll University,Yes,2421,2109,820,27,57,11700,600,450,89,90,7738,Business
Johns Hopkins University,Yes,8474,3446,911,75,94,18800,500,1040,96,97,56233,CS
Johnson State College,No,833,669,279,3,13,7656,500,624,80,91,6564,IT
Judson College,Yes,313,228,137,10,30,9414,500,1700,34,55,7840,Marketing
Juniata College,Yes,1005,859,298,36,55,14850,450,420,97,97,12067,Business
Kansas State University,No,5880,4075,2833,25,55,6995,600,2000,76,86,6122,CS
Kansas Wesleyan University,Yes,589,575,148,16,40,8400,500,1400,63,55,6535,IT
Keene State College,No,3121,2446,822,5,19,7870,500,1150,73,73,6195,Marketing
Kentucky Wesleyan College,Yes,584,497,175,20,49,8000,500,1300,57,65,7058,Business
Kenyon College,Yes,2212,1538,408,44,75,19240,750,480,95,95,14067,CS
Keuka College,Yes,461,381,174,10,43,9600,600,750,55,94,7863,IT
King's College,Yes,1456,1053,381,20,45,10910,400,1795,66,72,7649,Marketing
King College,Yes,355,300,142,34,65,8664,600,3000,65,68,8954,Business
Knox College,Yes,1040,845,286,48,77,15747,400,800,88,95,13224,CS
La Roche College,Yes,361,321,185,10,41,8842,600,1100,57,73,7022,IT
La Salle University,Yes,2929,1834,622,20,56,12600,450,3160,90,90,9084,Marketing
Lafayette College,Yes,4010,2402,572,36,59,18730,600,1000,93,96,15365,Business
LaGrange College,Yes,544,399,177,15,35,6987,750,1500,77,83,9067,CS
Lake Forest College,Yes,979,638,271,31,70,16880,920,1320,91,94,15687,IT
Lakeland College,Yes,497,452,231,24,47,9400,500,1000,49,65,4054,Marketing
Lamar University,No,2336,1725,1043,10,27,4752,508,1463,48,82,5879,Business
Lambuth University,Yes,831,538,224,15,35,5170,600,1590,61,61,5531,CS
Lander University,No,1166,1009,510,9,33,4938,528,1702,67,77,6119,IT
Lawrence University,Yes,1243,947,324,50,77,17163,525,975,76,92,13965,Marketing
Le Moyne College,Yes,1470,1199,425,21,76,11040,400,900,89,92,8118,Business
Lebanon Valley College,Yes,1386,1060,320,28,56,13850,400,1125,84,84,8196,CS
Lehigh University,Yes,6397,4304,1092,40,84,18700,750,1130,96,99,14665,IT
Lenoir-Rhyne College,Yes,979,743,259,25,46,10100,400,1000,88,92,8539,Marketing
Lesley College,Yes,244,198,82,12,33,11700,550,805,71,88,8694,Business
LeTourneau University,Yes,477,417,204,29,54,8840,600,1400,58,70,6863,CS
Lewis and Clark College,Yes,2774,2092,482,35,64,15800,450,950,97,98,12999,IT
Lewis University,Yes,1154,1050,395,12,31,10560,500,1200,36,48,7701,Marketing
Lincoln Memorial University,Yes,787,562,363,21,55,5950,600,1300,67,72,5177,Business
Lincoln University,No,1660,1091,326,15,41,4818,350,1400,71,72,10912,CS
Lindenwood College,Yes,810,484,356,6,33,9200,1000,4200,65,85,3480,IT
Linfield College,Yes,1561,1188,458,48,72,13380,500,900,89,91,8747,Marketing
Livingstone College,Yes,900,473,217,22,47,4400,800,900,53,93,9268,Business
Lock Haven University of Pennsylvania,No,3570,2215,651,17,41,7352,225,500,47,55,6374,CS
Longwood College,No,2747,1870,724,12,47,7920,550,2200,74,80,5553,IT
Loras College,Yes,1641,1283,527,20,39,11200,500,1200,61,62,7578,Marketing
Louisiana College,Yes,2013,1053,212,33,61,5150,500,1655,64,74,7547,Business
Louisiana State University at Baton Rouge,No,5996,4993,3079,29,57,5925,600,2242,83,87,6741,CS
Louisiana Tech University,No,2397,2144,1525,22,45,3957,618,1656,66,77,4546,IT
Loyola College,Yes,4076,3137,738,25,54,12990,600,900,86,88,9448,Marketing
Loyola Marymount University,Yes,3768,2662,753,42,64,13592,545,1328,84,88,11677,Business
Loyola University,Yes,1891,1698,719,24,80,11100,600,750,77,88,9456,CS
Loyola University Chicago,Yes,3579,2959,868,25,55,11500,700,2000,94,95,13009,IT
Luther College,Yes,1549,1392,587,38,72,13240,600,400,73,85,8949,Marketing
Lycoming College,Yes,1286,1005,363,16,37,13900,500,900,75,81,8024,Business
Lynchburg College,Yes,1756,1500,366,3,21,12450,450,870,62,66,8832,CS
Lyndon State College,No,535,502,223,6,20,7320,500,600,48,65,7114,IT
Macalester College,Yes,2939,1496,452,56,86,15909,500,700,85,91,14213,Marketing
MacMurray College,Yes,740,558,177,12,29,9620,550,950,49,55,10642,Business
Malone College,Yes,874,758,428,21,46,9858,450,1200,42,45,4796,CS
Manchester College,Yes,1004,802,239,23,63,10440,525,1450,63,72,7940,IT
Manhattan College,Yes,2432,1730,563,20,63,12370,500,1800,92,92,10062,Marketing
Manhattanville College,Yes,962,750,212,21,54,14700,450,400,97,97,11291,Business
Mankato State University,No,3073,2672,1547,9,29,4300,450,1660,57,68,5801,CS
Marian College of Fond du Lac,Yes,824,670,337,15,41,9400,500,1100,37,37,5352,IT
Marietta College,Yes,1611,960,342,27,60,13850,470,810,80,97,10223,Marketing
Marist College,Yes,4731,3171,830,12,31,10700,550,1200,74,81,8408,Business
Marquette University,Yes,5152,4600,1685,36,71,11610,600,1950,86,94,9982,CS
Marshall University,Yes,4226,3666,2007,14,60,5094,700,1560,77,86,6203,IT
Mary Baldwin College,Yes,499,441,199,26,52,11200,600,1300,66,79,10819,Marketing
Mary Washington College,No,4350,2178,756,39,78,6490,650,2102,75,80,5358,Business
Marymount College Tarrytown,Yes,478,327,117,9,34,11510,575,1075,71,93,10502,CS
Marymount Manhattan College,Yes,695,535,239,21,30,10200,350,1100,63,76,10622,IT
Marymount University,Yes,941,772,214,10,30,11390,500,750,77,82,8575,Marketing
Maryville College,Yes,1464,888,176,26,52,11200,500,1642,80,90,8317,Business
Maryville University,Yes,549,397,169,26,51,9250,425,1350,52,58,5925,CS
Marywood College,Yes,1107,859,323,13,51,11040,600,700,65,76,9034,IT
Massachusetts Institute of Technology,Yes,6411,2140,1078,96,99,20100,725,1600,99,99,33541,Marketing
Mayville State University,No,233,233,153,5,12,4486,600,1900,68,68,6971,Business
McKendree College,Yes,1002,555,119,16,43,7680,500,800,70,74,6652,CS
McMurry University,Yes,578,411,187,25,50,6930,400,1525,57,64,6383,IT
McPherson College,Yes,420,293,93,11,32,7950,600,2740,54,54,9754,Marketing
Mercer University,Yes,2286,1668,564,37,70,11985,400,1500,93,95,8995,Business
Mercyhurst College,Yes,1557,1074,397,15,40,9813,425,1000,45,63,7307,CS
Meredith College,Yes,857,772,376,25,58,6720,450,1520,77,82,6881,IT
Merrimack College,Yes,1981,1541,514,18,36,12500,375,1000,73,75,8707,Marketing
Mesa State College,No,1584,1456,891,6,18,5016,540,2256,48,48,3871,Business
Messiah College,Yes,1742,1382,607,30,64,10300,475,1200,68,75,7762,CS
Miami University at Oxford,No,9239,7788,3290,35,39,8856,500,1382,81,89,7846,IT
Michigan State University,No,18114,15096,6180,23,57,10658,504,600,93,95,10520,Marketing
Michigan Technological University,No,2618,2288,1032,42,77,8127,900,1200,82,82,7473,Business
MidAmerica Nazarene College,Yes,331,331,225,15,36,6840,1100,4913,33,33,5524,CS
Millersville University of Penn.,No,6011,3075,960,22,60,7844,450,1258,72,74,7832,IT
Milligan College,Yes,610,461,189,26,52,8200,550,1000,63,69,8128,Marketing
Millikin University,Yes,1444,1261,456,29,62,11910,450,965,60,77,8149,Business
Millsaps College,Yes,905,834,319,32,61,11320,550,1350,82,89,11218,CS
Milwaukee School of Engineering,Yes,1217,1088,496,36,69,11505,1000,2075,35,46,7140,IT
Mississippi College,Yes,594,385,307,36,57,5580,600,700,77,79,6170,Marketing
Mississippi State University,No,4255,3277,1609,18,57,9866,480,1479,77,77,6223,Business
Mississippi University for Women,No,480,405,380,19,46,4386,600,1500,49,54,5704,CS
Missouri Southern State College,No,1576,1326,913,13,50,3840,200,400,52,54,4172,IT
Missouri Valley College,Yes,1310,983,316,5,35,8550,400,900,35,67,4333,Marketing
Monmouth College IL,Yes,601,503,204,28,57,13000,400,460,91,91,11087,Business
Monmouth College,Yes,2707,1881,478,14,34,12480,530,1740,70,85,9492,CS
Montana College of Mineral Sci. & Tech.,No,572,544,320,45,72,6073,550,1400,71,71,6112,IT
Montana State University,No,3500,2836,1779,15,42,5552,550,2300,75,83,6324,Marketing
Montclair State University,No,5220,2128,865,19,53,3648,700,950,82,87,6717,Business
Montreat-Anderson College,Yes,263,223,103,10,24,8438,500,2958,42,50,11989,CS
Moorhead State University,No,2442,2164,1189,12,37,4426,600,1000,76,81,4795,IT
Moravian College,Yes,1232,955,303,23,58,14990,550,1250,86,92,9566,Marketing
Morehouse College,Yes,3708,1678,722,41,66,7050,250,600,71,74,8122,Business
Morningside College,Yes,586,533,239,16,36,10520,500,1000,48,68,8111,CS
Morris College,Yes,882,730,330,2,13,4515,850,2100,53,60,6990,IT
Mount Holyoke College,Yes,1800,1314,526,47,79,19300,750,750,79,91,18359,Marketing
Mount Marty College,Yes,279,276,126,17,37,6844,500,500,45,55,5073,Business
Mount Mary College,Yes,235,217,121,12,32,8950,550,1125,51,51,7016,CS
Mount Mercy College,Yes,368,317,159,20,49,10500,500,2285,44,50,6695,IT
Mount Saint Clare College,Yes,325,284,95,16,33,9900,500,1200,32,37,6525,Marketing
Mount Saint Mary's College,Yes,1321,1159,328,15,36,12850,550,900,77,82,8536,Business
Mount Saint Mary College,Yes,1170,695,238,14,48,7470,250,1400,74,75,6898,CS
Mount St. Mary's College,Yes,657,537,113,37,90,12474,630,1278,53,71,10613,IT
Mount Union College,Yes,1310,1086,458,26,61,12250,400,1150,85,87,7215,Marketing
Mount Vernon Nazarene College,Yes,510,485,334,18,36,7400,600,600,57,57,6869,Business
Muhlenberg College,Yes,2519,1836,462,30,61,16975,600,850,76,86,10888,CS
Murray State University,No,2225,1910,1190,29,55,4738,700,940,72,76,5972,IT
Muskingum College,Yes,1109,922,375,24,46,13240,600,800,73,85,9333,Marketing
National-Louis University,Yes,513,347,279,23,48,9090,650,500,62,65,7905,Business
Nazareth College of Rochester,Yes,947,798,266,36,68,10850,550,800,77,93,8797,CS
New Jersey Institute of Technology,No,1879,1216,483,27,62,8832,700,1850,92,98,12529,IT
New Mexico Institute of Mining and Tech.,No,787,601,233,40,73,5376,600,1100,99,100,9241,Marketing
New York University,Yes,13594,7244,2505,70,86,17748,450,1000,87,98,21227,Business
Newberry College,Yes,872,722,154,14,36,10194,500,1500,57,63,5788,CS
Niagara University,Yes,2220,1796,467,65,99,10320,450,650,68,100,7788,IT
North Adams State College,No,1563,1005,240,1,19,5542,500,1000,65,71,6562,Marketing
North Carolina A. & T. State University,No,4809,3089,1429,12,33,6806,600,1651,72,72,7090,Business
North Carolina State University at Raleigh,No,10634,7064,3176,39,78,8400,600,1300,92,98,9670,CS
North Carolina Wesleyan College,Yes,812,689,195,7,24,8242,600,1295,77,77,10090,IT
North Central College,Yes,1127,884,308,30,64,11718,450,1800,73,87,8871,Marketing
North Dakota State University,No,2968,2297,1610,13,47,5834,600,2000,79,83,6310,Business
North Park College,Yes,465,361,176,19,39,12580,400,970,76,79,10889,CS
Northeast Missouri State University,No,6040,4577,1620,36,72,4856,400,1100,69,72,6601,IT
Northeastern University,Yes,11901,8492,2517,16,42,13380,600,1750,73,82,9563,Marketing
Northern Arizona University,No,5891,4931,1973,23,48,6746,620,2342,78,83,6157,Business
Northern Illinois University,No,10706,7219,2397,12,37,7799,470,1750,73,78,6086,CS
Northwest Missouri State University,No,2729,2535,1257,8,29,3735,250,1630,62,65,5284,IT
Northwest Nazarene College,Yes,616,514,385,29,52,9840,450,822,59,59,6261,Marketing
Northwestern College,Yes,860,811,366,22,56,9900,300,1800,68,68,6357,Business
Northwestern University,Yes,12289,5200,1902,85,98,16404,759,1585,96,100,26385,CS
Norwich University,Yes,1743,1625,626,8,29,14134,500,800,71,74,9209,IT
Notre Dame College,Yes,379,324,107,15,37,9990,400,600,44,47,4948,Marketing
Oakland University,No,3041,2581,1173,16,56,9114,400,650,88,90,6637,Business
Oberlin College,Yes,4778,2767,678,50,89,19670,575,1119,77,96,16593,CS
Occidental College,Yes,2324,1319,370,52,81,16560,558,1152,91,93,16196,IT
Oglethorpe University,Yes,792,649,186,56,87,12900,600,4110,91,95,8568,Marketing
Ohio Northern University,Yes,2936,2342,669,35,62,15990,600,825,73,78,9979,Business
Ohio University,No,11023,8298,3183,21,54,7629,550,2300,79,87,8811,CS
Ohio Wesleyan University,Yes,2190,1700,458,36,65,16732,550,550,93,93,12011,IT
Oklahoma Baptist University,Yes,758,681,484,35,59,5390,515,1290,63,71,5511,Marketing
Oklahoma Christian University,Yes,776,765,351,22,44,6400,500,1900,58,64,6578,Business
Oklahoma State University,No,4522,3913,2181,29,57,5336,800,3100,84,92,6433,CS
Otterbein College,Yes,1496,1205,428,26,57,12888,420,840,62,68,8802,IT
Ouachita Baptist University,Yes,910,773,450,31,73,6530,500,1500,63,67,6413,Marketing
Our Lady of the Lake University,Yes,2308,1336,295,22,46,8530,616,1576,56,64,7114,Business
Pace University,Yes,8256,3750,1522,37,70,11000,660,1115,90,95,10059,CS
Pacific Lutheran University,Yes,1603,1392,504,31,68,13312,600,1516,78,78,9431,IT
Pacific Union College,Yes,940,668,385,20,48,11925,630,1926,48,87,9157,Marketing
Pacific University,Yes,943,849,288,41,71,14210,450,1100,76,76,11216,Business
Pembroke State University,No,944,774,440,14,34,6360,550,1498,77,77,6443,CS
Pennsylvania State Univ. Main Campus,No,19315,10344,3450,48,93,10645,512,2394,77,96,8992,IT
Pepperdine University,Yes,3821,2037,680,86,96,18200,500,700,95,98,16185,Marketing
Peru State College,No,701,501,458,10,40,2580,500,900,48,100,4870,Business
Pfeiffer College,Yes,838,651,159,11,25,8640,400,1915,62,62,7634,CS
Philadelphia Coll. of Textiles and Sci.,Yes,1538,1259,468,19,42,11690,600,1664,48,80,8028,IT
Phillips University,Yes,692,576,174,19,50,10500,600,940,58,64,8990,Marketing
Piedmont College,Yes,663,562,127,20,40,5640,600,750,89,89,7309,Business
Pikeville College,Yes,404,400,169,28,48,6000,500,500,48,57,5557,CS
Pitzer College,Yes,1133,630,220,37,73,17688,650,850,100,100,14820,IT
Point Loma Nazarene College,Yes,809,687,428,20,43,10178,800,750,71,71,7895,Marketing
Point Park College,Yes,875,744,207,7,38,9700,400,1200,45,90,7652,Business
Polytechnic University,Yes,1132,847,302,58,89,16200,436,2486,90,90,14329,CS
Prairie View A. and M. University,No,2405,2234,1061,10,22,4290,598,1582,55,93,5967,IT
Presbyterian College,Yes,1082,832,302,34,63,11859,554,1429,80,85,8354,Marketing
Princeton University,Yes,13218,2042,1153,90,98,19900,675,1575,91,96,28320,Business
Providence College,Yes,5139,3346,973,20,55,14400,450,1100,66,74,8135,CS
Purdue University at West Lafayette,No,21804,18744,5874,29,60,9556,570,1060,86,86,8604,IT
Queens College,Yes,516,392,154,32,62,11020,610,1900,73,75,9315,Marketing
Quincy University,Yes,1025,707,297,22,66,10100,450,1080,69,71,6880,Business
Quinnipiac College,Yes,3712,2153,806,17,45,12030,1000,500,63,73,8847,CS
Radford University,No,5702,4894,1742,15,37,6684,500,900,73,83,4519,IT
Ramapo College of New Jersey,No,2088,957,362,6,29,4449,600,1655,74,95,7333,Marketing
Randolph-Macon College,Yes,1771,1325,306,21,46,13840,400,900,77,80,11080,Business
Randolph-Macon Woman's College,Yes,696,616,169,35,66,13970,370,920,88,97,16358,CS
Reed College,Yes,1966,1436,327,47,80,19960,500,450,90,90,15886,IT
Regis College,Yes,427,385,143,18,38,12700,450,700,81,85,11758,Marketing
Rensselaer Polytechnic Institute,Yes,4996,4165,936,53,82,17475,1230,1100,94,98,15605,Business
Rhodes College,Yes,2302,1831,391,58,82,15200,550,1500,90,96,13388,CS
Rider University,Yes,3586,2424,730,16,31,13250,700,3100,84,92,11299,IT
Ripon College,Yes,587,501,211,28,52,15200,350,650,87,90,12472,Marketing
Rivier College,Yes,484,386,141,6,28,9870,600,1100,59,59,6744,Business
Roanoke College,Yes,2227,1790,437,27,54,13425,450,1200,85,89,9405,CS
Rockhurst College,Yes,935,858,345,22,50,9490,500,1500,60,79,7519,IT
Rocky Mountain College,Yes,560,392,270,11,31,8734,600,625,56,78,6422,Marketing
Roger Williams University,Yes,3304,2804,679,10,20,12520,500,730,44,54,7957,Business
Rollins College,Yes,1777,1151,382,31,55,16425,955,750,81,85,11561,CS
Rosary College,Yes,434,321,141,28,53,10950,550,950,79,82,9264,IT
Rowan College of New Jersey,No,3820,1431,695,21,70,4356,800,800,76,81,7252,Marketing
Rutgers at New Brunswick,No,48094,26330,4520,36,79,7410,690,2009,90,95,10474,Business
Rutgers State University at Camden,No,3366,1752,232,27,79,7411,690,2009,90,95,10134,CS
Rutgers State University at Newark,No,5785,2690,499,26,62,7410,690,2009,90,95,11878,IT
Sacred Heart University,Yes,2307,1896,509,19,51,11070,400,600,71,73,7120,Marketing
Saint Ambrose University,Yes,897,718,276,12,48,10450,500,1500,56,56,7444,Business
Saint Anselm College,Yes,2095,1553,514,15,40,12950,450,1120,70,82,6719,CS
Saint Cloud State University,No,3971,3306,1921,10,34,4259,350,1884,70,75,4629,IT
Saint Francis College IN,Yes,213,166,85,13,36,8670,450,1000,43,78,7440,Marketing
Saint Francis College,Yes,1046,824,284,21,45,10880,400,1235,64,64,7344,Business
Saint John's University,Yes,933,800,444,18,45,12247,500,600,76,85,9853,CS
Saint Joseph's College IN,Yes,920,684,225,24,42,11200,600,950,55,60,7360,IT
Saint Joseph's College,Yes,833,682,217,12,33,9985,500,800,53,89,4322,Marketing
Saint Joseph's University,Yes,2519,2003,776,39,71,12750,350,1690,84,90,8243,Business
Saint Joseph College,Yes,292,241,96,20,52,12200,650,950,87,90,8680,CS
Saint Louis University,Yes,3294,2855,956,44,67,11690,800,6800,84,94,18367,IT
Saint Mary's College,Yes,888,734,393,26,60,12730,500,1525,74,95,11165,Marketing
Saint Mary's College of Minnesota,Yes,876,802,367,14,35,10800,400,820,68,74,5081,Business
Saint Mary-of-the-Woods College,Yes,150,130,88,23,50,10300,500,1700,44,58,9678,CS
Saint Michael's College,Yes,1910,1380,463,16,64,13030,500,750,79,88,10190,IT
Saint Olaf College,Yes,2248,1673,745,38,73,14350,550,550,82,88,12502,Marketing
Saint Peter's College,Yes,1606,1413,530,23,38,9408,500,450,78,78,7669,Business
Saint Vincent College,Yes,700,595,278,19,35,10850,500,900,62,64,8534,CS
Saint Xavier University,Yes,785,647,295,15,65,10860,600,794,87,100,8953,IT
Salem-Teikyo University,Yes,489,384,120,23,52,10575,400,620,46,24,8946,Marketing
Salem College,Yes,335,284,132,28,69,10475,500,2000,68,68,9599,Business
Salisbury State University,No,4216,2290,736,20,52,5130,600,1450,73,75,5125,CS
Samford University,Yes,1680,1395,691,34,76,8236,569,1650,74,75,9533,IT
San Diego State University,No,9402,7020,2151,20,70,8384,612,2400,87,93,7930,Marketing
Santa Clara University,Yes,4019,2779,888,40,73,13584,630,1278,88,92,10872,Business
Sarah Lawrence College,Yes,1380,768,263,57,82,19300,600,700,89,93,14779,CS
Savannah Coll. of Art and Design,Yes,1109,688,386,20,65,8325,1200,1600,14,98,6874,IT
Schreiner College,Yes,584,413,131,19,51,8955,500,1488,51,56,8545,Marketing
Scripps College,Yes,855,632,139,60,83,17238,600,800,95,100,18372,Business
Seattle Pacific University,Yes,1183,1016,411,42,82,12669,600,1250,83,85,10368,CS
Seattle University,Yes,2115,1540,494,28,72,12825,500,1500,85,85,10175,IT
Seton Hall University,Yes,4576,3565,1000,16,36,12000,650,1000,81,84,10080,Marketing
Seton Hill College,Yes,936,794,197,24,56,11240,350,2000,71,71,10065,Business
Shippensburg University of Penn.,No,5818,3281,1116,14,53,7844,450,1700,80,83,6719,CS
Shorter College,Yes,540,445,165,23,70,7210,500,2000,62,65,7356,IT
Siena College,Yes,2961,1932,628,24,68,10800,575,1090,71,82,8189,Marketing
Siena Heights College,Yes,464,419,183,10,31,9240,475,1090,29,49,9431,Business
Simmons College,Yes,1003,782,295,23,53,16160,500,1200,74,81,14086,CS
Simpson College,Yes,1016,872,300,27,57,11250,550,1400,66,73,7411,IT
Sioux Falls College,Yes,437,400,211,13,35,8990,500,1700,73,73,7881,Marketing
Skidmore College,Yes,4293,2728,591,25,62,18710,500,700,87,92,14837,Business
Smith College,Yes,2925,1598,632,51,88,18820,500,1050,85,97,21199,CS
South Dakota State University,No,2807,2589,1701,13,37,3811,500,1970,62,65,5084,IT
Southeast Missouri State University,No,2281,1870,1408,18,43,4680,200,2150,75,76,5916,Marketing
Southeastern Oklahoma State Univ.,No,818,700,447,20,50,3738,450,1022,55,59,4444,Business
Southern California College,Yes,385,340,193,18,38,9520,630,1818,63,65,8219,CS
Southern Illinois University at Edwardsville,No,2540,2195,994,13,40,5472,221,2216,76,81,7498,IT
Southern Methodist University,Yes,4301,3455,1166,41,69,12772,576,1802,74,88,12726,Marketing
Southwest Baptist University,Yes,1093,1093,642,12,32,7070,400,1000,52,54,4718,Business
Southwest Missouri State University,No,6118,5254,3204,15,37,4740,500,1360,70,75,4632,CS
Southwest State University,No,1047,938,511,13,33,4285,600,1800,58,75,6591,IT
Southwestern Adventist College,Yes,321,318,172,11,27,7536,430,1651,44,77,5309,Marketing
Southwestern College,Yes,213,155,75,28,66,7200,550,1500,56,56,7818,Business
Southwestern University,Yes,1244,912,352,44,77,11850,600,1050,83,89,12995,CS
Spalding University,Yes,283,201,97,10,45,8400,600,900,50,56,6860,IT
Spelman College,Yes,3713,1237,443,47,83,7000,660,2400,73,80,9988,Marketing
Spring Arbor College,Yes,372,362,181,15,32,8600,385,665,48,48,10938,Business
St. Bonaventure University,Yes,1489,1313,375,13,45,10456,500,1050,91,91,9828,CS
St. John's College,Yes,323,278,122,31,51,16150,275,800,63,72,15622,IT
St. John Fisher College,Yes,1368,1064,354,19,51,10570,400,800,86,81,7908,Marketing
St. Lawrence University,Yes,2753,1820,505,31,56,18720,650,825,90,94,14980,Business
St. Martin's College,Yes,191,165,63,5,25,11550,300,500,43,77,9209,CS
St. Mary's College of California,Yes,2643,1611,465,36,80,13332,630,1584,88,89,9619,IT
St. Mary's College of Maryland,No,1340,695,285,42,73,6800,675,1250,84,89,10357,Marketing
St. Mary's University of San Antonio,Yes,1243,1020,414,33,60,8678,700,1736,82,83,7651,Business
St. Norbert College,Yes,1334,1243,568,30,56,12140,425,1100,74,78,8595,CS
St. Paul's College,Yes,651,581,243,8,17,5000,600,600,45,45,8426,IT
St. Thomas Aquinas College,Yes,861,609,215,10,27,8650,500,1750,69,73,6534,Marketing
Stephens College,Yes,450,405,194,17,34,13900,450,2150,46,63,9995,Business
Stetson University,Yes,1557,1227,489,37,69,12315,600,1365,85,90,10307,CS
Stevens Institute of Technology,Yes,1768,1249,380,51,93,16900,450,750,89,89,12837,IT
Stockton College of New Jersey,No,4019,1579,710,23,65,3040,711,1125,78,92,5599,Marketing
Stonehill College,Yes,3646,2300,585,25,69,12170,480,800,79,79,7495,Business
SUNY at Albany,No,13528,9198,1843,16,61,6550,700,1560,93,96,9075,CS
SUNY at Binghamton,No,14463,6166,1757,60,94,6550,700,1000,83,100,8055,IT
SUNY at Buffalo,No,15039,9649,3087,36,100,6550,708,957,90,97,11177,Marketing
SUNY at Stony Brook,No,12512,6969,1724,27,66,6550,600,1200,91,96,13705,Business
SUNY College  at Brockport,No,7294,3564,904,7,34,6550,500,705,79,83,6632,CS
SUNY College  at Oswego,No,8000,4556,1464,17,70,6550,500,1500,69,85,5280,IT
SUNY College at Buffalo,No,5318,3515,1025,8,29,6550,550,1230,71,78,7511,Marketing
SUNY College at Cortland,No,7888,3519,1036,6,40,6550,630,1274,82,85,5563,Business
SUNY College at Fredonia,No,4877,2798,814,13,48,6550,620,1481,82,90,6442,CS
SUNY College at Geneseo,No,8598,4562,1143,56,93,6550,600,650,79,84,5716,IT
SUNY College at New Paltz,No,8399,3609,656,19,53,6550,550,1500,85,93,6608,Marketing
SUNY College at Plattsburgh,No,5549,3583,853,9,40,6550,600,1380,80,90,6174,Business
SUNY College at Potsdam,No,3150,2289,650,16,51,6840,500,1000,71,75,6436,CS
SUNY College at Purchase,No,2119,1264,390,5,33,6550,1125,1362,80,100,8170,IT
Susquehanna University,Yes,2096,1512,465,27,59,16130,400,800,83,86,10554,Marketing
Sweet Briar College,Yes,462,402,146,36,68,14500,500,600,91,99,18953,Business
Syracuse University,Yes,10477,7260,2442,28,67,15150,635,960,73,84,14231,CS
Tabor College,Yes,257,183,109,19,41,7850,400,1500,55,70,7233,IT
Talladega College,Yes,4414,1500,335,30,60,5666,1000,1400,56,58,5970,Marketing
Taylor University,Yes,1769,1092,437,41,80,10965,450,1250,60,61,8294,Business
Tennessee Wesleyan College,Yes,232,182,99,7,29,7070,400,3158,59,65,6286,CS
Texas A&M Univ. at College Station,No,14474,10519,6392,49,85,5130,600,2144,89,91,8471,IT
Texas A&M University at Galveston,No,529,481,243,22,47,4860,600,650,103,88,6415,Marketing
Texas Christian University,Yes,4095,3079,1195,33,64,8490,650,2400,81,93,9158,Business
Texas Lutheran College,Yes,497,423,215,27,57,7850,490,1700,54,58,7002,CS
Texas Southern University,No,4345,3245,2604,15,85,7860,600,1700,65,75,3605,IT
Texas Wesleyan University,Yes,592,501,279,19,44,6400,600,1800,80,83,7936,Marketing
The Citadel,No,1500,1242,611,12,36,7070,400,779,95,94,7744,Business
Thiel College,Yes,1154,951,253,15,31,11172,700,1350,68,76,9186,CS
Tiffin University,Yes,845,734,254,5,21,7600,600,1200,59,74,5096,IT
Transylvania University,Yes,759,729,244,57,81,10900,500,1000,81,91,10219,Marketing
Trenton State College,No,5042,2312,944,55,94,5391,700,1000,81,87,8504,Business
Tri-State University,Yes,1262,1102,276,14,40,9456,468,1323,53,53,7603,CS
Trinity College CT,Yes,3058,1798,478,46,84,18810,500,680,91,96,18034,IT
Trinity College DC,Yes,247,189,100,19,49,11412,500,900,89,93,11806,Marketing
Trinity College VT,Yes,222,185,91,16,41,11010,550,500,58,78,9586,Business
Trinity University,Yes,2425,1818,601,62,93,12240,500,490,94,96,14703,CS
Tulane University,Yes,7033,5125,1223,47,75,19040,350,800,98,98,16920,IT
Tusculum College,Yes,626,372,145,12,34,7700,450,800,70,70,4933,Marketing
Tuskegee University,Yes,2267,1827,611,20,59,6735,600,1425,70,74,10872,Business
Union College KY,Yes,484,384,177,9,45,7800,500,600,60,88,6864,CS
Union College NY,Yes,3495,1712,528,49,84,18732,450,1024,94,96,15411,IT
Univ. of Wisconsin at OshKosh,No,4800,2900,1515,14,48,6874,518,1890,73,78,5901,Marketing
University of Alabama at Birmingham,No,1797,1260,938,24,35,4440,750,2200,96,96,16352,Business
University of Arkansas at Fayetteville,No,3235,3108,2133,25,65,5028,500,2000,73,89,6820,CS
University of California at Berkeley,No,19873,8252,3215,95,100,11648,636,1933,93,97,13919,IT
University of California at Irvine,No,15698,10775,2478,85,100,12024,790,1818,96,96,15934,Marketing
University of Central Florida,No,6986,2959,1918,25,60,6618,700,1600,80,98,6742,Business
University of Charleston,Yes,682,535,204,22,43,9500,400,750,26,58,7683,CS
University of Chicago,Yes,6348,2999,922,68,94,18930,500,1254,99,99,36854,IT
University of Cincinnati,No,6855,5553,2408,26,57,8907,556,1851,89,95,13889,Marketing
University of Connecticut at Storrs,No,9735,7187,2064,23,63,11656,700,2300,89,95,10178,Business
University of Dallas,Yes,681,588,246,44,74,10760,500,1200,85,93,8731,CS
University of Dayton,Yes,6361,5293,1507,26,51,11380,500,900,81,85,8894,IT
University of Delaware,Yes,14446,10516,3252,22,57,10220,530,1300,82,87,10650,Marketing
University of Denver,Yes,2974,2001,580,29,60,15192,400,1350,84,91,11762,Business
University of Detroit Mercy,Yes,927,731,415,24,50,11130,600,2166,72,79,10891,CS
University of Dubuque,Yes,576,558,137,11,39,10430,400,1500,85,98,8767,IT
University of Evansville,Yes,2096,1626,694,35,67,11800,700,960,60,81,7780,Marketing
University of Florida,No,12445,8836,3623,54,85,7090,630,1530,88,97,14737,Business
University of Georgia,No,11220,7871,3320,43,79,5697,525,1755,88,95,7881,CS
University of Hartford,Yes,5081,4040,1194,11,26,14220,500,1440,61,76,10625,IT
University of Hawaii at Manoa,No,3580,2603,1627,36,69,4460,687,1281,85,87,12833,Marketing
University of Illinois - Urbana,No,14939,11652,5705,52,88,7560,500,1982,87,90,8559,Business
University of Illinois at Chicago,No,8384,5727,2710,22,50,7230,630,3228,82,84,13883,CS
University of Indianapolis,Yes,1487,1276,388,26,51,11120,525,1405,55,56,6735,IT
University of Kansas,No,8579,5561,3681,25,50,6994,700,2681,88,94,9657,Marketing
University of La Verne,Yes,1597,969,226,16,38,13540,630,2298,66,68,10139,Business
University of Louisville,No,4777,3057,1823,16,33,6540,530,2440,84,92,10207,CS
University of Maine at Farmington,No,1208,803,438,20,48,6810,450,1647,67,75,5712,IT
University of Maine at Machias,No,441,369,172,17,45,6600,600,400,46,46,5935,Marketing
University of Maine at Presque Isle,No,461,381,235,10,40,6600,400,1675,67,67,6408,Business
University of Maryland at Baltimore County,No,4269,2594,985,27,57,8594,494,2768,82,88,7618,CS
University of Maryland at College Park,No,14292,10315,3409,22,53,8723,550,1550,89,92,9021,IT
University of Massachusetts at Amherst,No,14438,12414,3816,12,39,8566,500,1400,88,92,10276,Marketing
University of Massachusetts at Dartmouth,No,3347,2597,1006,10,37,6919,500,1250,74,90,7462,IT
University of Miami,Yes,7122,5386,1643,42,69,16500,630,1985,82,94,17500,Marketing
University of Michigan at Ann Arbor,No,19152,12940,4893,66,92,15732,476,1600,90,98,14847,Business
University of Minnesota at Duluth,No,4192,3126,1656,15,45,8828,753,2610,79,91,6393,CS
University of Minnesota at Morris,No,1458,874,588,56,86,9843,600,1500,74,78,6716,IT
University of Minnesota Twin Cities,No,11054,6397,3524,26,55,8949,714,2910,88,90,16122,Marketing
University of Mississippi,No,3844,3383,1669,26,47,4916,600,550,81,86,6971,Business
University of Missouri at Columbia,No,6574,4637,2940,32,62,9057,600,1983,87,87,10145,CS
University of Missouri at Rolla,No,1877,1826,823,49,77,9057,700,1435,88,88,9699,IT
University of Missouri at Saint Louis,No,1618,1141,479,18,54,7246,500,4288,71,73,6433,Marketing
University of Mobile,Yes,452,331,269,17,54,6150,550,1200,59,63,5412,Business
University of Montevallo,No,1351,892,570,18,78,4440,300,600,72,72,5883,CS
University of Nebraska at Lincoln,No,6277,6003,3526,33,63,5595,500,2070,86,92,6813,IT
University of New England,Yes,1209,750,265,19,54,11450,900,2500,72,75,9718,Marketing
University of New Hampshire,No,9750,7640,2529,24,62,11180,650,2450,89,87,7855,IT
University of North Carolina at Asheville,No,1757,979,394,32,74,5972,600,750,77,83,7011,Marketing
University of North Carolina at Chapel Hill,No,14596,5985,3331,75,92,8400,550,1200,88,93,15893,Business
University of North Carolina at Charlotte,No,5803,4441,1730,19,62,7248,600,1900,79,91,6227,CS
University of North Carolina at Greensboro,No,5191,4134,1500,15,44,8677,600,1300,75,94,7392,IT
University of North Carolina at Wilmington,No,6071,3856,1449,15,67,7558,500,1500,82,85,6005,Marketing
University of North Dakota,No,2777,2249,1652,20,54,5634,450,1200,97,97,9424,Business
University of North Florida,No,1800,1253,560,44,85,6634,600,2604,82,85,6104,CS
University of North Texas,No,4418,2737,2049,23,51,4104,450,1700,86,94,5657,IT
University of Northern Colorado,No,5530,4007,1697,12,37,7731,540,2286,75,75,6309,Marketing
University of Northern Iowa,No,4144,3379,1853,18,52,6197,595,2380,78,82,6333,Business
University of Notre Dame,Yes,7700,3700,1906,79,96,16850,600,1350,96,92,13936,CS
University of Oklahoma,No,4743,3970,2233,32,63,5173,765,3176,86,90,10244,IT
University of Oregon,No,8631,6732,2546,25,61,10602,570,1530,79,87,8020,Marketing
University of Pennsylvania,Yes,12394,5232,2464,85,100,17020,500,1544,95,96,25765,IT
University of Pittsburgh-Main Campus,No,8586,6383,2503,25,59,10786,400,900,93,93,13789,Marketing
University of Portland,Yes,1758,1485,419,27,58,12040,600,1100,92,96,9060,Business
University of Puget Sound,Yes,4044,2826,688,51,83,16230,630,1800,79,86,11217,CS
University of Rhode Island,No,9643,7751,1968,12,40,10330,500,1250,84,89,9158,IT
University of Richmond,Yes,5892,2718,756,46,72,14500,700,1125,75,89,11984,Marketing
University of Rochester,Yes,8766,5498,1243,56,75,17840,500,882,93,99,26037,Business
University of San Diego,Yes,3934,2735,886,40,70,13600,630,1820,93,96,10813,CS
University of San Francisco,Yes,2306,1721,538,23,48,13226,750,2450,86,86,10074,IT
University of Sci. and Arts of Oklahoma,No,285,280,208,21,43,3687,600,1800,67,77,3864,Marketing
University of Scranton,Yes,4471,2942,910,29,60,11584,650,800,83,83,9131,Business
University of South Carolina at Aiken,No,848,560,377,14,24,5800,500,1500,62,62,5035,CS
University of South Carolina at Columbia,No,7693,5815,2328,30,66,8074,495,2941,84,88,8246,IT
University of South Florida,No,7589,4676,1876,29,63,6760,500,2180,84,89,11020,Marketing
University of Southern California,Yes,12229,8498,2477,45,71,17230,600,2210,90,94,17007,IT
University of Southern Colorado,No,1401,1239,605,10,34,7100,540,2948,63,88,5389,Marketing
University of Southern Indiana,No,2379,2133,1292,8,25,4973,500,1425,56,65,4078,Business
University of Southern Mississippi,No,2850,2044,1046,20,50,4652,500,500,78,99,5917,CS
University of St. Thomas MN,Yes,2057,1807,828,26,53,11712,500,800,80,80,8546,IT
University of St. Thomas TX,Yes,374,280,185,45,77,8550,500,1344,75,75,7237,Marketing
University of Tennessee at Knoxville,No,7473,5372,3013,27,53,5764,750,3300,86,92,8612,Business
University of Texas at Arlington,No,3281,2559,1448,19,43,4422,500,2850,73,73,4696,CS
University of Texas at Austin,No,14752,9572,5329,48,85,5130,650,3140,91,99,7837,IT
University of Texas at San Antonio,No,4217,3100,1686,17,46,4104,452,1200,94,100,4329,Marketing
University of the Arts,Yes,974,704,290,5,22,12520,1300,700,16,59,11641,Business
University of the Pacific,Yes,2459,1997,582,36,66,16320,646,1171,87,94,13706,CS
University of the South,Yes,1445,966,326,46,83,15350,450,810,89,93,18784,IT
University of Tulsa,Yes,1712,1557,696,41,68,11750,1200,2350,94,96,11743,Marketing
University of Utah,No,5095,4491,2400,27,53,6857,858,3093,89,93,9275,IT
University of Vermont,No,7663,6008,1735,18,51,15516,500,990,87,90,12646,Marketing
University of Virginia,No,15849,5384,2678,74,95,12212,500,1000,90,92,13597,Business
University of Washington,No,12749,7025,3343,40,81,8199,708,2172,96,94,16527,CS
University of West Florida,No,1558,1254,472,20,57,6172,541,1387,83,87,8488,IT
University of Wisconsin-Stout,No,2593,1966,1030,9,32,6704,376,1750,78,78,6254,Marketing
University of Wisconsin-Superior,No,910,910,342,14,53,7032,550,1960,75,81,6490,Business
University of Wisconsin-Whitewater,No,4400,3719,1472,12,38,6950,300,1200,90,95,5559,CS
University of Wisconsin at Green Bay,No,2409,1939,759,17,50,6900,475,1200,81,89,5968,IT
University of Wisconsin at Madison,No,14901,10932,4631,36,80,9096,535,1545,93,96,11006,Marketing
University of Wisconsin at Milwaukee,No,5244,3782,1930,12,37,8786,570,1980,79,87,8094,Business
University of Wyoming,No,2029,1516,1073,23,46,5988,600,1500,91,94,8745,CS
Upper Iowa University,Yes,663,452,192,10,35,8840,500,1000,69,75,3733,IT
Ursinus College,Yes,1399,1026,308,44,77,14900,500,800,82,85,12082,Marketing
Ursuline College,Yes,325,260,86,21,47,9600,450,750,39,69,7164,IT
Valley City State University,No,368,344,212,5,27,4286,600,2000,39,41,4958,Marketing
Valparaiso University,Yes,2075,1727,520,49,81,11800,500,800,87,89,9681,Business
Vanderbilt University,Yes,7791,4690,1499,71,92,17865,630,952,93,98,23850,CS
Vassar College,Yes,3550,1877,653,53,87,18920,600,800,90,98,17089,IT
Villanova University,Yes,7759,5588,1477,30,68,15925,400,300,89,90,10458,Marketing
Virginia Commonwealth University,No,4963,3497,1567,18,45,10217,500,3630,81,87,11183,Business
Virginia State University,No,2996,2440,704,2,30,5587,500,600,61,63,5733,CS
Virginia Tech,No,15712,11719,4277,29,53,10260,740,2200,85,89,8944,IT
Virginia Union University,Yes,1847,1610,453,19,59,7384,500,1763,51,67,6757,Marketing
Virginia Wesleyan College,Yes,1470,900,287,20,49,10900,500,550,70,81,7804,Business
Viterbo College,Yes,647,518,271,17,43,9140,500,2245,51,65,8050,CS
Voorhees College,Yes,1465,1006,188,10,30,4450,500,1200,43,43,5861,IT
Wabash College,Yes,800,623,256,41,76,12925,500,635,78,85,14904,Marketing
Wagner College,Yes,1416,1015,417,10,44,13500,585,1700,67,78,9006,IT
Wake Forest University,Yes,5661,2392,903,75,88,13850,500,1250,95,97,41766,Marketing
Walsh University,Yes,1092,890,477,27,92,8670,500,1450,42,58,5738,Business
Warren Wilson College,Yes,440,311,112,25,49,10000,400,1100,65,75,9430,CS
Wartburg College,Yes,1231,1074,345,34,66,11600,400,850,66,91,7735,IT
Washington and Jefferson College,Yes,1305,1100,334,42,64,16260,300,500,91,91,10162,Marketing
Washington and Lee University,Yes,3315,1096,425,68,93,13750,680,1115,81,96,15736,Business
Washington College,Yes,1209,942,214,31,60,15276,500,300,79,86,10830,CS
Washington State University,No,6540,5839,2440,31,70,8200,800,2719,84,87,10912,IT
Washington University,Yes,7654,5259,1254,62,93,18350,768,1512,91,98,45702,Marketing
Wayne State College,No,1373,1373,724,6,21,2700,540,1660,60,68,4550,Business
Waynesburg College,Yes,1190,978,324,12,30,8840,500,1200,57,58,6563,CS
Webber College,Yes,280,143,79,5,27,5590,650,1952,53,63,4839,IT
Webster University,Yes,665,462,226,17,44,9160,500,500,68,68,6951,Marketing
Wellesley College,Yes,2895,1249,579,80,96,18345,500,700,94,98,21409,IT
Wells College,Yes,318,240,130,40,85,14900,600,500,93,98,13935,IT
Wentworth Institute of Technology,Yes,1480,1257,452,6,25,9850,850,920,10,68,17858,Marketing
Wesley College,Yes,980,807,350,10,25,9890,500,1350,52,57,6243,Business
Wesleyan University,Yes,4772,1973,712,60,86,19130,1400,1400,90,94,16262,CS
West Chester University of Penn.,No,6502,3539,1372,11,51,7844,400,2000,76,79,6773,IT
West Liberty State College,No,1164,1062,478,12,25,4470,600,1210,33,33,4249,Marketing
West Virginia Wesleyan College,Yes,1566,1400,483,28,55,14200,450,1100,58,81,8080,Business
Western Carolina University,No,3224,2519,1057,11,31,6390,110,1622,67,78,6554,CS
Western Maryland College,Yes,1205,984,278,31,50,14510,500,1400,84,91,10026,IT
Western Michigan University,No,9167,7191,2738,24,53,6940,500,1700,80,84,5983,Marketing
Western New England College,Yes,1650,1471,409,7,21,8994,498,2065,74,97,8409,Business
Western State College of Colorado,No,2702,1623,604,7,24,5918,500,2050,76,79,4599,CS
Western Washington University,No,5548,3563,1549,30,71,8124,639,2385,83,89,7203,IT
Westfield State College,No,3100,2150,825,3,20,5542,500,1300,75,79,4222,Marketing
Westminster College MO,Yes,662,553,184,20,43,10720,600,1650,66,70,7925,IT
Westminster College,Yes,996,866,377,29,58,12065,430,685,62,78,8596,Marketing
Westminster College of Salt Lake City,Yes,917,720,213,21,60,8820,600,2025,68,83,7170,Business
Westmont College,No,950,713,351,42,72,14320,490,1410,77,77,8837,CS
Wheaton College IL,Yes,1432,920,548,56,84,11480,530,1400,81,83,11916,IT
Westminster College PA,Yes,1738,1373,417,21,55,18460,700,850,92,96,22704,Marketing
Wheeling Jesuit College,Yes,903,755,213,15,49,10500,600,600,66,71,7494,Business
Whitman College,Yes,1861,998,359,45,77,16670,750,800,80,83,13198,CS
Whittier College,Yes,1681,1069,344,35,63,16249,500,1998,84,92,11778,IT
Whitworth College,Yes,1121,926,372,43,70,12660,678,2424,80,80,8328,Marketing
Widener University,Yes,2139,1492,502,24,64,12350,500,1350,88,86,9603,Business
Wilkes University,Yes,1631,1431,434,15,36,11150,550,1260,78,92,8543,CS
Willamette University,Yes,1658,1327,395,49,80,14800,400,790,91,94,10779,IT
William Jewell College,Yes,663,547,315,32,67,10060,500,2600,74,80,7885,Marketing
William Woods University,Yes,469,435,227,17,39,10535,550,3700,39,66,7438,IT
Williams College,Yes,4186,1245,526,81,96,19629,500,1200,94,99,22014,Marketing
Wilson College,Yes,167,130,46,16,50,11428,450,475,67,76,10291,Business
Wingate College,Yes,1239,1017,383,10,34,7820,550,1550,69,81,7264,CS
Winona State University,No,3325,2047,1301,20,45,4200,300,1200,53,60,5318,IT
Winthrop University,No,2320,1805,769,24,61,6400,580,2150,71,80,6729,IT
Wisconsin Lutheran College,Yes,152,128,75,17,41,9100,500,1400,48,48,8960,Marketing
Wittenberg University,Yes,1979,1739,575,42,68,15948,400,800,82,95,10414,Business
Wofford College,Yes,1501,935,273,51,83,12680,605,1440,91,92,7875,CS
Worcester Polytechnic Institute,Yes,2768,2314,682,49,86,15884,530,730,92,94,10774,IT
Worcester State College,No,2197,1515,543,4,26,6797,500,1200,60,60,4469,Marketing
Xavier University,Yes,1959,1805,695,24,47,11520,600,1250,73,75,9189,Business
Xavier University of Louisiana,Yes,2097,1915,695,34,61,6900,617,781,67,75,8323,CS
Yale University,Yes,10705,2453,1317,95,99,19840,630,2115,96,96,40386,IT
York College of Pennsylvania,Yes,2989,1855,691,28,63,4990,500,1250,75,75,4509,Marketing
